{
  "model": "swin_v2_tiny",
  "display": "Swin-V2-Tiny",
  "composite": 0.8150062035714006,
  "metrics": {
    "threshold": 0.5100000000000001,
    "accuracy": 0.85273492286115,
    "auc": 0.9462594026374594,
    "precision": 0.8351063827566206,
    "forged_recall": 0.8795518204819182,
    "specificity": 0.8258426963972352,
    "f1": 0.8567530694601975,
    "mean_dice": 0.5754563212394714,
    "composite": 0.8150062035714006
  }
}